Chamado,InicioData,InicioHora,NormalizacaoData,NormalizacaooHora,Interrupcao,Funcionalidade,Item de Configuracao,Causa da Falha,Area,Node
54711,2/9/2014, 11:05,2/9/2014, 13:10,2:04:51,Rede Externa,BTD,MÓDULO RF DESALINHADO CANAL DIRETO/RETORNO,BCA,04-A
55176,15/9/2014, 10:40,15/9/2014, 18:30,7:49:25,Node,PASSIVOS,CONEXÃO DANIFICADA,BCA,1
55177,15/9/2014, 10:41,15/9/2014, 18:30,7:48:08,Node,PASSIVOS,CONEXÃO DANIFICADA,BCA,1
55573,25/9/2014, 09:40,25/9/2014, 10:20,0:39:46,Node,FONTE EQUISUL,FALTA DE ENERGIA ELÉTRICA,BCA,4
55579,25/9/2014, 14:46,25/9/2014, 18:00,,Rede Externa,GERAL,VERIFICAÇÃO DE REDE,BCA,2
55761,30/9/2014, 10:39,30/9/2014, 12:37,,Rede Externa,GERAL,VERIFICAÇÃO DE REDE,BCA,5
55768,30/9/2014, 13:19,30/9/2014, 15:40,2:20:22,Rede Externa,MB,MÓDULO RF DESALINHADO CANAL DIRETO/RETORNO,BCA,4
54682,1/9/2014, 14:52,1/9/2014, 17:40,2:47:56,Rede Externa,PASSIVOS,OXIDADO,BET,1
54704,2/9/2014, 09:11,2/9/2014, 12:00,2:48:59,Rede Externa,MB,MÓDULO RF OXIDADO,BET,2
54713,2/9/2014, 11:15,2/9/2014, 14:25,3:09:33,Rede Externa,CABO COAXIAL,CABO COAXIAL DANIFICADO/ROMPIDO,BET,3
54719,2/9/2014, 15:16,2/9/2014, 18:30,3:13:28,Rede Externa,MB,MÓDULO RF QUEIMADO,BET,4
55283,18/9/2014, 09:16,18/9/2014, 12:00,2:43:37,Rede Externa,MB,FUSIVEL QUEIMADO OU COM MAU CONTATO,BET,1
54675,1/9/2014, 13:40,1/9/2014, 14:50,1:09:19,Rede Externa,PASSIVOS,OXIDADO,CEM,1
54688,1/9/2014,16:09,2/9/2014, 13:00,20:50:24,Rede Externa,CABO COAXIAL,CABO COAXIAL DANIFICADO/ROMPIDO,CEM,36
54689,1/9/2014, 16:15,1/9/2014, 21:25,5:09:04,Rede Externa,BTD,MÓDULO RF DESALINHADO CANAL DIRETO/RETORNO,CEM,3
54690,1/9/2014, 16:20,1/9/2014, 21:25,5:04:38,Rede Externa,BTD,MÓDULO RF DESALINHADO CANAL DIRETO/RETORNO,CEM,3
54694,1/9/2014, 16:42,1/9/2014, 21:00,4:17:54,Rede Externa,BTD,MÓDULO RF DESALINHADO CANAL DIRETO/RETORNO,CEM,3
54696,1/9/2014, 18:17,1/9/2014, 21:30,3:12:01,Rede Externa,BTD,MÓDULO RF DESALINHADO CANAL DIRETO/RETORNO,CEM,3
54700,1/9/2014, 19:17,1/9/2014, 21:45,2:27:28,Rede Externa,BTD,MÓDULO RF DESALINHADO CANAL DIRETO/RETORNO,CEM,3
54705,2/9/2014, 09:48,2/9/2014, 11:10,1:21:28,Node,FONTE EQUISUL,FALTA DE ENERGIA ELÉTRICA,CEM,10
54716,2/9/2014, 13:23,2/9/2014, 16:10,2:46:41,Rede Externa,BTD,MÓDULO RF DESALINHADO CANAL RETORNO,CEM,35
54717,2/9/2014, 14:33,4/9/2014, 19:00,47:23:00,Rede Externa,COMBINADOR,DEFEITO ,CEM,23
54721,2/9/2014, 15:46,2/9/2014, 19:30,3:43:50,Rede Externa,MB,MÓDULO RF QUEIMADO,CEM,9
54763,2/9/2014, 20:39,2/9/2014, 22:50,2:10:11,Rede Externa,MB,MÓDULO RF DESALINHADO CANAL DIRETO,CEM,27
54771,3/9/2014, 07:24,3/9/2014, 08:57,1:33:00,Node,FONTE EQUISUL,FALTA DE ENERGIA ELÉTRICA,CEM,33
54799,3/9/2014, 14:27,3/9/2014, 19:00,4:32:38,Node,CABO ÓPTICO,CABO ÓPTICO ROMPIDO,CEM,16
54800,3/9/2014, 14:28,3/9/2014, 19:00,4:31:12,Node,CABO ÓPTICO,CABO ÓPTICO ROMPIDO,CEM,15
54801,3/9/2014, 14:29,3/9/2014, 19:00,4:30:25,Node,CABO ÓPTICO,CABO ÓPTICO ROMPIDO,CEM,27
54802,3/9/2014, 14:31,3/9/2014, 19:00,4:28:52,Node,CABO ÓPTICO,CABO ÓPTICO ROMPIDO,CEM,29
54810,3/9/2014, 16:04,3/9/2014, 18:30,2:25:57,Rede Externa,MB,MÓDULO RF DESALINHADO CANAL DIRETO,CEM,26
54836,4/9/2014, 10:08,4/9/2014, 11:00,0:51:19,Node,FONTE EQUISUL,FALTA DE ENERGIA ELÉTRICA,CEM,2
54842,4/9/2014, 10:57,4/9/2014, 15:00,4:02:26,Rede Externa,CABO COAXIAL,CABO COAXIAL DANIFICADO/ROMPIDO,CEM,16
54848,4/9/2014, 11:38,4/9/2014, 19:10,7:31:16,Rede Externa,MB,MÓDULO RF DESALINHADO CANAL RETORNO,CEM,30
54852,4/9/2014, 12:53,4/9/2014, 22:00,9:06:19,Rede Externa,MB,MÓDULO RF DESALINHADO CANAL DIRETO,CEM,21
54854,4/9/2014, 13:33,4/9/2014, 15:00,1:26:02,Node,BTD,FUSIVEL QUEIMADO OU COM MAU CONTATO,CEM,16
54856,4/9/2014, 14:47,4/9/2014, 15:59,1:11:48,Node,GERAL,FALTA DE ENERGIA COMERCIAL,CEM,24
54857,4/9/2014, 14:48,4/9/2014, 16:34,1:45:19,Node,GERAL,FALTA DE ENERGIA COMERCIAL,CEM,30
54865,4/9/2014, 16:13,4/9/2014, 21:59,,Rede Externa,GERAL,IMPROCEDENTE,CEM,21
54868,4/9/2014, 16:28,4/9/2014, 20:15,3:46:59,Rede Externa,BTD,MÓDULO RF DESALINHADO CANAL DIRETO,CEM,3
54873,4/9/2014, 19:07,4/9/2014, 20:10,1:02:41,Rede Externa,FONTE EQUISUL,DISJUNTOR DESARMADO,CEM,36
54880,5/9/2014, 08:56,5/9/2014, 11:40,2:43:34,Rede Externa,TAP,PRISIONEIRO MAU CONECTADO,CEM,14
54888,5/9/2014, 13:02,5/9/2014, 14:30,,Rede Externa,GERAL,IMPROCEDENTE,CEM,26
54890,5/9/2014, 15:15,5/9/2014, 17:30,,Rede Externa,GERAL,IMPROCEDENTE,CEM,30
54895,5/9/2014, 16:19,5/9/2014, 19:19,2:59:47,Rede Externa,CABO COAXIAL,CABO COAXIAL DANIFICADO/ROMPIDO,CEM,30
54902,5/9/2014, 20:12,5/9/2014, 23:20,3:07:12,Rede Externa,BLE,MÓDULO RF DESALINHADO CANAL DIRETO,CEM,36
54909,6/9/2014, 09:56,6/9/2014, 12:00,2:03:19,Rede Externa,BLE,MÓDULO RF DESALINHADO CANAL DIRETO,CEM,27
54913,6/9/2014, 12:35,6/9/2014, 15:30,2:54:10,Rede Externa,PASSIVOS,DANIFICADO,CEM,30
54916,6/9/2014, 14:12,10/9/2014, 16:00,24:36:00,Rede Externa,BTD,MÓDULO RF DESALINHADO CANAL RETORNO,CEM,36
54917,6/9/2014, 15:11,6/9/2014, 17:00,,Rede Externa,GERAL,VERIFICAÇÃO DE REDE,CEM,28
54930,8/9/2014, 10:46,8/9/2014, 13:15,2:28:37,Rede Externa,BTD,MÓDULO RF DESALINHADO CANAL DIRETO/RETORNO,CEM,31
54950,8/9/2014, 16:51,8/9/2014, 18:45,1:53:01,Rede Externa,MB,CARCAÇA DANIFICADA,CEM,24
54954,8/9/2014, 18:02,8/9/2014, 21:30,3:27:15,Rede Externa,BTD,MÓDULO RF DESALINHADO CANAL RETORNO,CEM,31
54960,8/9/2014, 20:06,9/9/2014, 20:18,15:06:00,Node,PASSIVOS,GERANDO RUÍDO,CEM,30
54961,8/9/2014, 20:47,8/9/2014, 22:55,2:07:48,Rede Externa,MB,MÓDULO RF DESALINHADO CANAL RETORNO,CEM,16
54973,9/9/2014, 11:56,9/9/2014, 15:00,3:03:13,Rede Externa,MB,MÓDULO RF DESALINHADO CANAL DIRETO,CEM,34
54978,9/9/2014, 13:36,9/9/2014, 20:00,6:23:33,Rede Externa,SG2000,MÓDULO RF QUEIMADO,CEM,36
54985,9/9/2014, 16:36,9/9/2014, 18:30,,Rede Externa,GERAL,IMPROCEDENTE,CEM,1
54995,9/9/2014, 20:08,10/9/2014, 20:10,12:10:00,Rede Externa,CABO COAXIAL,CABO COAXIAL DANIFICADO/ROMPIDO,CEM,21
55005,10/9/2014, 10:49,10/9/2014, 17:30,6:40:51,Rede Externa,PASSIVOS,INSTALADO INCORRETAMENTE,CEM,34
55012,10/9/2014, 13:02,10/9/2014, 14:20,,Rede Externa,GERAL,IMPROCEDENTE,CEM,24
55013,10/9/2014, 13:14,10/9/2014, 14:50,1:35:31,Node,GERAL,RUÍDO INTERMITENTE,CEM,37
55029,10/9/2014, 17:32,10/9/2014, 19:00,,Rede Externa,GERAL,IMPROCEDENTE,CEM,35
55030,10/9/2014, 17:35,10/9/2014, 19:15,,Rede Externa,GERAL,IMPROCEDENTE,CEM,35
55035,10/9/2014, 20:23,11/9/2014, 16:30,,Rede Externa,GERAL,ACOMPANHAMENTO DE SERVIÇOS,CEM,36
55055,11/9/2014, 11:47,11/9/2014, 14:20,2:32:10,Rede Externa,CABO COAXIAL,CABO COAXIAL DANIFICADO/ROMPIDO,CEM,7
55058,11/9/2014, 12:34,11/9/2014, 14:25,1:50:58,Node,BTD,RUÍDO,CEM,14
55076,11/9/2014, 17:39,11/9/2014, 20:30,2:50:36,Rede Externa,MB,FUSIVEL QUEIMADO OU COM MAU CONTATO,CEM,14
55078,11/9/2014, 18:57,11/9/2014, 21:15,2:17:34,Rede Externa,SG2000,MÓDULO RF DESALINHADO CANAL DIRETO,CEM,30
55079,11/9/2014, 19:01,11/9/2014, 22:15,3:13:32,Rede Externa,SG2000,MÓDULO RF DESALINHADO CANAL DIRETO,CEM,30
55081,11/9/2014, 19:43,11/9/2014, 23:00,3:16:14,Rede Externa,BTD,MÓDULO RF DESALINHADO CANAL RETORNO,CEM,6
55095,12/9/2014, 13:16,15/9/2014, 14:00,2:10:00,Rede Externa,GERAL,ADEQUAÇÃO DE REDE,CEM,30
55096,12/9/2014, 13:35,12/9/2014, 14:55,1:19:04,Rede Externa,BTD,FUSIVEL QUEIMADO OU COM MAU CONTATO,CEM,37
55121,12/9/2014, 16:30,12/9/2014, 19:00,2:29:15,Rede Externa,MB,MÓDULO RF DESALINHADO CANAL DIRETO/RETORNO,CEM,31
55122,12/9/2014, 16:33,12/9/2014, 18:40,,Rede Externa,GERAL,IMPROCEDENTE,CEM,37
55124,12/9/2014, 17:15,12/9/2014, 20:00,,Rede Externa,GERAL,IMPROCEDENTE,CEM,11
55132,12/9/2014, 18:41,12/9/2014, 21:25,2:43:54,Rede Externa,BTD,MÓDULO RF DESALINHADO CANAL DIRETO,CEM,7
55133,12/9/2014, 18:51,12/9/2014, 21:30,2:38:52,Rede Externa,PASSIVOS,OXIDADO,CEM,5
55134,12/9/2014, 18:56,12/9/2014, 21:50,2:53:12,Rede Externa,BTD,MÓDULO RF DESALINHADO CANAL RETORNO,CEM,35
55165,14/9/2014, 09:32,14/9/2014, 11:20,1:47:44,Node,FONTE EQUISUL,FALTA DE ENERGIA ELÉTRICA,CEM,22
55180,15/9/2014, 11:42,15/9/2014, 14:45,3:02:56,Node,GERAL,NORMALIZOU SEM INTERVENÇÃO,CEM,14
55185,15/9/2014, 14:41,15/9/2014, 17:00,2:18:18,Rede Externa,MB,MÓDULO RF DESALINHADO CANAL RETORNO,CEM,36
55201,15/9/2014, 18:36,15/9/2014, 20:20,,Rede Externa,GERAL,IMPROCEDENTE,CEM,14
55229,16/9/2014, 17:07,16/9/2014, 20:10,3:02:34,Rede Externa,MB,MÓDULO RF DESALINHADO CANAL RETORNO,CEM,31
55236,16/9/2014, 20:26,16/9/2014, 22:00,,Rede Externa,GERAL,IMPROCEDENTE,CEM,3
55248,17/9/2014, 11:53,17/9/2014, 14:00,2:06:41,Rede Externa,BTD,MÓDULO RF DESALINHADO CANAL RETORNO,CEM,7
55250,17/9/2014, 13:04,18/9/2014, 18:55,,Rede Externa,GERAL,IMPROCEDENTE,CEM,30
55253,17/9/2014, 13:29,17/9/2014, 15:00,1:30:07,Rede Externa,BLE,MÓDULO RF DESALINHADO CANAL RETORNO,CEM,28
55267,17/9/2014, 17:06,17/9/2014, 20:00,2:53:42,Rede Externa,BTD,MÓDULO RF DESALINHADO CANAL DIRETO/RETORNO,CEM,30
55273,17/9/2014, 20:28,17/9/2014, 22:40,2:11:44,Node,GERAL,REDE INTERNA,CEM,22
55274,17/9/2014, 21:31,18/9/2014, 09:40,12:08:47,Rede Externa,BTD,FUSIVEL QUEIMADO OU COM MAU CONTATO,CEM,8
55288,18/9/2014, 10:02,18/9/2014, 10:24,0:21:10,Node,FONTE EQUISUL,FALTA DE ENERGIA ELÉTRICA,CEM,17
55306,18/9/2014, 12:40,18/9/2014, 14:40,1:59:08,Rede Externa,BTD,MÓDULO RF DESALINHADO CANAL RETORNO,CEM,28
55312,18/9/2014, 14:47,18/9/2014, 16:40,1:52:58,Rede Externa,PASSIVOS,OXIDADO,CEM,4
55331,18/9/2014, 19:10,19/9/2014, 10:00,3:00:00,Rede Externa,SG2000,MÓDULO RF DESALINHADO CANAL DIRETO/RETORNO,CEM,21
55347,19/9/2014, 11:02,19/9/2014, 11:50,0:47:31,Node,GERAL,FALTA DE ENERGIA COMERCIAL,CEM,30
55369,19/9/2014, 15:11,19/9/2014, 17:35,2:23:10,Rede Externa,BLE,MÓDULO RF DESALINHADO CANAL DIRETO,CEM,21
55390,19/9/2014, 18:20,19/9/2014, 21:20,2:59:57,Node,PASSIVOS,GERANDO RUÍDO,CEM,7
55397,19/9/2014, 20:26,19/9/2014, 22:20,,Rede Externa,GERAL,IMPROCEDENTE,CEM,1
55412,20/9/2014, 12:23,20/9/2014, 14:50,2:26:14,Node,GERAL,FALTA DE ENERGIA COMERCIAL,CEM,16
55413,20/9/2014, 12:24,20/9/2014, 14:50,2:25:54,Node,GERAL,FALTA DE ENERGIA COMERCIAL,CEM,16
55421,20/9/2014, 15:06,22/9/2014, 20:22,,Rede Externa,GERAL,ADEQUAÇÃO DE REDE,CEM,30
55424,20/9/2014, 16:11,20/9/2014, 18:00,,Rede Externa,GERAL,IMPROCEDENTE,CEM,21
55425,20/9/2014, 17:03,20/9/2014, 20:00,,Rede Externa,GERAL,VERIFICAÇÃO DE REDE,CEM,7
55460,22/9/2014, 10:08,22/9/2014, 12:00,,Rede Externa,GERAL,VERIFICAÇÃO DE REDE,CEM,14
55466,22/9/2014, 13:22,22/9/2014, 15:50,2:27:52,Rede Externa,MB,MÓDULO RF DESALINHADO CANAL DIRETO,CEM,1
55467,22/9/2014, 13:29,22/9/2014, 15:00,1:30:08,Rede Externa,BTD,MÓDULO RF DESALINHADO CANAL RETORNO,CEM,27
55480,22/9/2014,17:16,26/9/2014, 10:00,,Rede Externa,GERAL,IMPROCEDENTE,CEM,33
55510,23/9/2014,15:37,23/9/2014, 17:10,1:32:24,Rede Externa,PASSIVOS,OXIDADO,CEM,9
55543,24/9/2014, 13:35,26/9/2014, 09:25,,Rede Externa,GERAL,IMPROCEDENTE,CEM,36
55549,24/9/2014, 14:53,24/9/2014, 17:30,2:36:45,Rede Externa,SG2000,MÓDULO RF DESALINHADO CANAL RETORNO,CEM,1
55555,24/9/2014, 16:46,24/9/2014, 18:45,1:58:44,Rede Externa,BTD,MÓDULO RF DESALINHADO CANAL DIRETO,CEM,31
55559,24/9/2014, 19:00,24/9/2014, 22:00,2:59:11,Rede Externa,CABO COAXIAL,CABO COAXIAL DANIFICADO/ROMPIDO,CEM,23
55560,24/9/2014, 19:44,24/9/2014, 21:55,,Rede Externa,GERAL,IMPROCEDENTE,CEM,24
55561,24/9/2014, 20:45,24/9/2014, 23:00,2:14:11,Rede Externa,MB,MÓDULO RF DESALINHADO CANAL DIRETO,CEM,24
55580,25/9/2014, 14:49,25/9/2014, 16:25,,Rede Externa,GERAL,IMPROCEDENTE,CEM,23
55588,25/9/2014, 16:06,25/9/2014, 17:35,1:28:47,Rede Externa,FONTE EQUISUL,FALTA DE ENERGIA ELÉTRICA,CEM,3
55595,25/9/2014, 19:16,25/9/2014, 22:20,3:03:38,Rede Externa,MB,MÓDULO RF QUEIMADO,CEM,24
55596,25/9/2014, 19:46,25/9/2014, 22:20,2:33:16,Rede Externa,MB,MÓDULO RF QUEIMADO,CEM,24
55614,26/9/2014, 13:52,26/9/2014, 18:00,4:07:10,Rede Externa,BLE,MÓDULO RF DESALINHADO CANAL DIRETO/RETORNO,CEM,25
55623,26/9/2014, 16:32,26/9/2014, 19:30,2:57:56,Rede Externa,BLE,MÓDULO RF DESALINHADO CANAL DIRETO,CEM,32
55630,26/9/2014, 17:33,26/9/2014, 20:30,2:56:55,Rede Externa,BLE,MÓDULO RF DESALINHADO CANAL DIRETO,CEM,32
55634,26/9/2014, 19:15,26/9/2014, 21:15,1:59:45,Rede Externa,BTD,FUSIVEL QUEIMADO OU COM MAU CONTATO,CEM,7
55666,27/9/2014, 09:25,27/9/2014, 11:00,,Rede Externa,GERAL,IMPROCEDENTE,CEM,7
55667,27/9/2014, 09:32,27/9/2014, 12:20,2:47:47,Rede Externa,BLE,MÓDULO RF DESALINHADO CANAL DIRETO,CEM,32
55670,27/9/2014, 12:28,27/9/2014, 19:00,6:31:41,Rede Externa,SG2000,MÓDULO RF DESALINHADO CANAL DIRETO,CEM,32
55671,27/9/2014, 13:54,27/9/2014, 21:30,7:35:07,Rede Externa,PASSIVOS,PRISIONEIRO MAU CONECTADO,CEM,13
55673,27/9/2014, 14:00,27/9/2014, 20:20,6:19:53,Rede Externa,SG2000,MÓDULO RF DESALINHADO CANAL RETORNO,CEM,30
55704,29/9/2014, 09:40,29/9/2014, 11:00,,Rede Externa,GERAL,CANCELADA,CEM,7
55719,29/9/2014, 14:07,29/9/2014, 15:20,,Rede Externa,GERAL,IMPROCEDENTE,CEM,9
55723,29/9/2014, 14:38,29/9/2014,17:10,,Rede Externa,GERAL,IMPROCEDENTE,CEM,36
55726,29/9/2014, 15:07,30/9/2014, 11:45,,Rede Externa,GERAL,CANCELADA,CEM,36
55728,29/9/2014, 15:22,29/9/2014, 18:20,2:57:30,Rede Externa,BTD,MÓDULO RF DESALINHADO CANAL DIRETO/RETORNO,CEM,26
55730,29/9/2014, 15:49,1/10/2014, 12:10,,Rede Externa,CMTS,DEFEITO ,CEM,34
55740,29/9/2014, 17:01,29/9/2014, 21:00,3:58:33,Rede Externa,CABO COAXIAL,CABO COAXIAL DANIFICADO/ROMPIDO,CEM,32
55760,30/9/2014, 10:03,30/9/2014, 19:40,5:40:00,Rede Externa,SG2000,MÓDULO RF DESALINHADO CANAL DIRETO/RETORNO,CEM,3
55770,30/9/2014, 14:45,1/10/2014, 07:55,3:27:00,Node,GERAL,NORMALIZOU SEM INTERVENÇÃO,CEM,18
55784,30/9/2014, 16:24,30/9/2014, 19:35,3:10:47,Rede Externa,BTD,MÓDULO RF DESALINHADO CANAL DIRETO/RETORNO,CEM,37
55783,30/9/2014, 16:18,1/10/2014, 15:00,7:00:00,Rede Externa,SG2000,MÓDULO RF DESALINHADO CANAL DIRETO/RETORNO,CEM,35
55803,30/9/2014, 18:26,30/9/2014, 22:00,,Rede Externa,GERAL,IMPROCEDENTE,CEM,28
55804,30/9/2014, 18:32,30/9/2014, 23:00,4:27:17,Node,GERAL,FALTA DE ENERGIA COMERCIAL,CEM,13
55806,30/9/2014, 18:47,30/9/2014, 21:20,2:33:00,Rede Externa,CABO COAXIAL,CABO COAXIAL DANIFICADO/ROMPIDO,CEM,36
55808,30/9/2014, 20:30,1/10/2014, 00:00,3:29:45,Rede Externa,BLE,MÓDULO RF QUEIMADO,CEM,24
55813,30/9/2014, 21:12,30/9/2014, 23:00,1:47:08,Rede Externa,BLE,MÓDULO RF DESALINHADO CANAL DIRETO/RETORNO,CEM,32
54725,2/9/2014,16:38,2/9/2014, 17:20,0:41:05,Rede Externa,MB,MÓDULO RF DESALINHADO CANAL RETORNO,CLN,1
54998,10/9/2014, 08:08,10/9/2014, 08:55,0:46:10,Node,SG2000,FUSIVEL QUEIMADO OU COM MAU CONTATO,CLN,3
55409,20/9/2014, 11:53,20/9/2014, 17:00,5:06:01,Rede Externa,BTD,MÓDULO RF DESALINHADO CANAL DIRETO/RETORNO,CLN,4
55423,20/9/2014, 15:55,20/9/2014, 18:40,2:44:52,Rede Externa,MB,MÓDULO RF DESALINHADO CANAL DIRETO,CLN,1
55476,22/9/2014, 16:22,22/9/2014, 17:15,,Rede Externa,GERAL,IMPROCEDENTE,CLN,1
55488,22/9/2014, 20:39,22/9/2014, 23:00,2:21:00,Rede Externa,MB,MÓDULO RF DESALINHADO CANAL DIRETO,CLN,3
55585,25/9/2014, 15:41,25/9/2014, 16:50,1:08:34,Rede Externa,FONTE EQUISUL,FALTA DE ENERGIA ELÉTRICA,CLN,3
55774,30/9/2014, 15:12,30/9/2014, 17:10,1:57:42,Rede Externa,MB,MÓDULO RF DESALINHADO CANAL DIRETO/RETORNO,CLN,3
55778,30/9/2014, 15:48,30/9/2014, 17:31,1:42:33,Rede Externa,MB,MÓDULO RF DESALINHADO CANAL DIRETO/RETORNO,CLN,3
55791,30/9/2014, 17:34,30/9/2014, 18:24,0:49:07,Rede Externa,BLE,MÓDULO RF DESALINHADO CANAL RETORNO,CLN,1
55809,30/9/2014, 20:33,30/9/2014, 22:20,1:46:05,Rede Externa,BTD,MÓDULO RF DESALINHADO CANAL RETORNO,CLN,1
54660,1/9/2014,11:03,1/9/2014, 12:00,0:56:48,Node,PASSIVOS,GERANDO RUÍDO,CSO,79
54698,1/9/2014, 18:43,1/9/2014, 21:58,3:14:55,Rede Externa,BLE,MÓDULO RF QUEIMADO,CSO,109
54710,2/9/2014, 10:59,2/9/2014, 14:00,3:00:55,Rede Externa,CMTS,MAU CONTATO EM CONECTOR,CSO,109
54797,3/9/2014, 13:48,3/9/2014, 15:50,2:01:12,Node,GERAL,NORMALIZOU SEM INTERVENÇÃO,CSO,43
54798,3/9/2014, 13:59,3/9/2014, 19:15,5:15:13,Node,PASSIVOS,GERANDO RUÍDO,CSO,26
55190,15/9/2014, 16:03,15/9/2014, 17:05,1:01:23,Node,FONTE EQUISUL,FALTA DE ENERGIA ELÉTRICA,CSO,97
55191,15/9/2014, 16:06,15/9/2014, 18:10,2:03:44,Node,FONTE EQUISUL,MÓDULO ELETRÔNICO (ME) QUEIMADO,CSO,101
55192,15/9/2014, 16:07,15/9/2014, 18:10,2:02:02,Node,FONTE EQUISUL,MÓDULO ELETRÔNICO (ME) QUEIMADO,CSO,95
55200,15/9/2014, 18:27,15/9/2014, 19:30,1:02:31,Rede Externa,BLE,MÓDULO RF DESALINHADO CANAL RETORNO,CSO,42
55271,17/9/2014, 18:18,17/9/2014, 19:30,1:11:28,Rede Externa,PASSIVOS,OXIDADO,CSO,2
55279,18/9/2014, 07:09,18/9/2014, 11:12,4:02:41,Node,CABO ÓPTICO,CABO DANIFICADO POR ROEDORES,CSO,61
55677,28/9/2014, 07:53,28/9/2014, 08:17,0:23:56,Node,GERAL,NORMALIZOU SEM INTERVENÇÃO,CSO,21
54724,2/9/2014,16:15,2/9/2014, 18:50,2:34:37,Rede Externa,MB,MÓDULO RF DESALINHADO CANAL RETORNO,CTO,5
54964,9/9/2014, 08:37,9/9/2014, 09:30,0:52:24,Node,FONTE EQUISUL,FALTA DE ENERGIA ELÉTRICA,CTO,10
54965,9/9/2014, 08:49,9/9/2014, 09:30,0:40:22,Node,FONTE EQUISUL,FALTA DE ENERGIA ELÉTRICA,CTO,10
55148,13/9/2014, 06:09,13/9/2014, 06:40,0:30:51,Node,GERAL,FALTA DE ENERGIA COMERCIAL,CTO,4
55265,17/9/2014 ,16:35,17/9/2014, 18:31,1:55:12,Node,GERAL,FALTA DE ENERGIA COMERCIAL,CTO,24
55731,29/9/2014, 15:50,29/9/2014, 16:00,0:09:34,Node,FONTE EQUISUL,FALTA DE ENERGIA ELÉTRICA,CTO,18
55732,29/9/2014, 15:51,29/9/2014,16:07,0:15:41,Node,FONTE EQUISUL,FALTA DE ENERGIA ELÉTRICA,CTO,21
54673,1/9/2014, 13:32,1/9/2014, 15:20,1:47:45,Rede Externa,PASSIVOS,DANIFICADO,IIG,12
54679,1/9/2014, 14:41,1/9/2014, 16:40,1:58:59,Rede Externa,BTD,MÓDULO RF DESALINHADO CANAL RETORNO,IIG,10
54740,2/9/2014, 18:20,2/9/2014, 21:00,,Rede Externa,GERAL,IMPROCEDENTE,IIG,20
54794,3/9/2014, 13:03,6/9/2014, 10:00,11:00:00,Rede Externa,MB,MÓDULO RF QUEIMADO,IIG,1
54824,3/9/2014, 20:25,3/9/2014, 21:58,1:32:32,Node,FONTE EQUISUL,FALTA DE ENERGIA ELÉTRICA,IIG,11
54825,3/9/2014, 20:26,3/9/2014, 21:50,1:23:59,Node,FONTE EQUISUL,FALTA DE ENERGIA ELÉTRICA,IIG,13
54826,3/9/2014, 20:26,3/9/2014, 22:00,1:33:26,Node,FONTE EQUISUL,FALTA DE ENERGIA ELÉTRICA,IIG,14
54827,3/9/2014, 20:27,3/9/2014, 22:00,1:32:57,Node,FONTE EQUISUL,FALTA DE ENERGIA ELÉTRICA,IIG,15
54846,4/9/2014, 11:22,4/9/2014, 14:25,3:02:30,Rede Externa,BLE,MÓDULO RF QUEIMADO,IIG,6
54910,6/9/2014, 10:19,6/9/2014, 11:30,1:10:17,Rede Externa,MB,FONTE DC QUEIMADA,IIG,1
54925,8/9/2014, 09:39,8/9/2014, 15:58,6:18:04,Rede Externa,MB,FUSIVEL QUEIMADO OU COM MAU CONTATO,IIG,1
54937,8/9/2014, 14:06,8/9/2014, 17:05,2:58:45,Rede Externa,BTD,MÓDULO RF DESALINHADO CANAL RETORNO,IIG,9
54945,8/9/2014, 15:45,8/9/2014, 19:30,3:44:58,Rede Externa,PASSIVOS,OXIDADO,IIG,4
54966,9/9/2014, 09:39,9/9/2014, 11:00,1:21:00,Node,FONTE EQUISUL,FALTA DE ENERGIA ELÉTRICA,IIG,20
54975,9/9/2014, 12:55,9/9/2014, 15:00,2:04:36,Rede Externa,MB,MÓDULO RF DESALINHADO CANAL RETORNO,IIG,4
55027,10/9/2014, 16:51,10/9/2014,20:30,3:38:22,Node,FONTE EQUISUL,FALTA DE ENERGIA ELÉTRICA,IIG,11
55087,12/9/2014 ,11:04,12/9/2014, 12:00,,Rede Externa,GERAL,IMPROCEDENTE,IIG,20
55193,15/9/2014 ,16:26,15/9/2014, 17:20,0:53:31,Rede Externa,PASSIVOS,OXIDADO,IIG,3
55195,15/9/2014 ,16:34,15/9/2014, 18:00,1:25:53,Rede Externa,PASSIVOS,OXIDADO,IIG,3
55219,16/9/2014, 14:08,16/9/2014, 14:50,0:41:20,Node,FONTE EQUISUL,FALTA DE ENERGIA ELÉTRICA,IIG,1
55252,17/9/2014 ,13:25,17/9/2014, 16:20,2:54:29,Rede Externa,MB,MÓDULO RF DESALINHADO CANAL DIRETO,IIG,4
55259,17/9/2014, 15:21,17/9/2014, 17:12,1:50:49,Rede Externa,BLE,MÓDULO RF DESALINHADO CANAL DIRETO/RETORNO,IIG,4
55334,18/9/2014, 21:05,19/9/2014, 08:20,11:14:21,Node,FONTE EQUISUL,FALTA DE ENERGIA ELÉTRICA,IIG,8
55364,19/9/2014, 13:40,19/9/2014, 16:00,2:19:28,Rede Externa,BTD,MÓDULO RF DESALINHADO CANAL RETORNO,IIG,2
55376,19/9/2014, 16:32,19/9/2014, 18:00,1:27:30,Rede Externa,MB,MÓDULO RF DESALINHADO CANAL DIRETO/RETORNO,IIG,4
55451,22/9/2014, 08:15,22/9/2014, 09:10,0:54:06,Node,FONTE EQUISUL,FALTA DE ENERGIA ELÉTRICA,IIG,3
55485,22/9/2014, 19:46,22/9/2014, 21:49,,Rede Externa,GERAL,VERIFICAÇÃO DE REDE,IIG,4
55494,23/9/2014, 10:02,23/9/2014, 18:00,4:30:00,Rede Externa,BTD,MÓDULO RF DESALINHADO CANAL RETORNO,IIG,7
55509,23/9/2014, 15:35,23/9/2014, 17:10,1:34:57,Rede Externa,BTD,MÓDULO RF DESALINHADO CANAL DIRETO/RETORNO,IIG,7
55576,25/9/2014, 12:49,25/9/2014, 15:20,2:30:01,Rede Externa,GERAL,ADEQUAÇÃO DE REDE,IIG,7
55627,26/9/2014, 17:04,26/9/2014, 18:30,1:25:40,Rede Externa,PASSIVOS,OXIDADO,IIG,4
55706,29/9/2014, 10:05,29/9/2014, 11:30,1:24:13,Node,FONTE EQUISUL,MAU CONTATO DE CONEXÃO,IIG,16
55802,30/9/2014, 18:22,30/9/2014, 20:30,2:07:32,Rede Externa,BTD,MÓDULO RF DESALINHADO CANAL DIRETO/RETORNO,IIG,1
54720,2/9/2014 ,15:30,2/9/2014, 18:50,3:19:44,Rede Externa,MB,MÓDULO RF DESALINHADO CANAL DIRETO,ITU,1
55405,20/9/2014, 10:40,21/9/2014, 18:00,31:19:09,Rede Externa,MB,MÓDULO RF DESALINHADO CANAL DIRETO/RETORNO,ITU,1
55482,22/9/2014, 18:33,22/9/2014, 21:25,2:51:40,Rede Externa,BTD,MÓDULO RF DESALINHADO CANAL RETORNO,ITU,1
55521,23/9/2014, 19:43,24/9/2014, 10:00,1:00:00,Rede Externa,MB,MÓDULO RF QUEIMADO,ITU,1
55620,26/9/2014, 16:02,30/9/2014, 19:30,54:40:00,Rede Externa,GERAL,VERIFICAÇÃO DE REDE,ITU,1
55624,26/9/2014, 16:35,27/9/2014, 16:50,24:14:19,Rede Externa,CMTS,MAU CONTATO EM CONECTOR,ITU,1
54661,1/9/2014 ,11:04,1/9/2014, 12:46,1:41:47,Node,GERAL,NORMALIZOU SEM INTERVENÇÃO,MCA,36
54671,1/9/2014, 13:13,1/9/2014, 14:30,,Rede Externa,GERAL,IMPROCEDENTE,MCA,22
54783,3/9/2014, 09:43,3/9/2014, 10:45,,Rede Externa,GERAL,IMPROCEDENTE,MCA,27
54837,4/9/2014, 10:11,4/9/2014, 12:40,2:28:54,Rede Externa,SSP,DANIFICADO,MCA,42
54929,8/9/2014, 10:44,8/9/2014, 12:10,,Rede Externa,GERAL,VERIFICAÇÃO DE REDE,MCA,22
54969,9/9/2014, 10:25,9/9/2014, 12:50,2:24:05,Node,SSP,GERANDO RUÍDO,MCA,34
55092,12/9/2014, 12:16,12/9/2014, 13:20,1:03:23,Node,FONTE EQUISUL,FALTA DE ENERGIA ELÉTRICA,MCA,44
55093,12/9/2014, 12:18,12/9/2014, 13:20,1:01:36,Node,FONTE EQUISUL,FALTA DE ENERGIA ELÉTRICA,MCA,44
55169,14/9/2014, 12:01,14/9/2014, 13:30,1:28:08,Node,FONTE EQUISUL,FALTA DE ENERGIA ELÉTRICA,MCA,27
55170,14/9/2014, 12:02,14/9/2014, 13:30,1:27:23,Node,FONTE EQUISUL,FALTA DE ENERGIA ELÉTRICA,MCA,27
55173,15/9/2014, 09:13,15/9/2014, 11:00,1:46:49,Node,GERAL,NORMALIZOU SEM INTERVENÇÃO,MCA,30
55293,18/9/2014, 10:26,18/9/2014, 12:20,1:53:46,Node,FONTE EQUISUL,FALTA DE ENERGIA ELÉTRICA,MCA,25
55294,18/9/2014, 10:27,18/9/2014, 12:20,1:52:47,Node,FONTE EQUISUL,FALTA DE ENERGIA ELÉTRICA,MCA,25
55304,18/9/2014, 11:34,18/9/2014, 13:50,2:15:45,Node,CABO COAXIAL,CABO COAXIAL DANIFICADO/ROMPIDO,MCA,17
55310,18/9/2014, 13:38,19/9/2014, 05:30,15:51:47,Node,GERAL,CABO ÓPTICO ROMPIDO,MCA,27
55311,18/9/2014, 13:38,19/9/2014, 05:30,15:51:02,Node,GERAL,CABO ÓPTICO ROMPIDO,MCA,27
55317,18/9/2014, 16:46,19/9/2014, 05:30,12:43:51,Node,GERAL,CABO ÓPTICO ROMPIDO,MCA,28
55321,18/9/2014, 16:51,19/9/2014, 05:30,12:38:06,Node,GERAL,CABO ÓPTICO ROMPIDO,MCA,37
55322,18/9/2014, 16:52,19/9/2014, 05:30,12:37:33,Node,GERAL,CABO ÓPTICO ROMPIDO,MCA,37-A
55319,18/9/2014, 16:49,19/9/2014, 05:30,12:40:11,Node,GERAL,CABO ÓPTICO ROMPIDO,MCA,30
55320,18/9/2014, 16:50,19/9/2014, 05:30,12:39:15,Node,GERAL,CABO ÓPTICO ROMPIDO,MCA,36
55420,20/9/2014, 14:50,21/9/2014, 10:30,19:39:44,Rede Externa,SG2000,FUSIVEL QUEIMADO OU COM MAU CONTATO,MCA,27
55481,22/9/2014, 17:51,22/9/2014, 21:00,3:08:37,Rede Externa,MB,MÓDULO RF DESALINHADO CANAL DIRETO,MCA,5
55536,24/9/2014, 11:24,24/9/2014, 13:10,1:45:38,Rede Externa,BTD,MÓDULO RF DESALINHADO CANAL DIRETO,MCA,5
55539,24/9/2014, 12:05,24/9/2014, 13:18,,Rede Externa,GERAL,IMPROCEDENTE,MCA,33
55542,24/9/2014, 13:19,24/9/2014, 14:30,1:10:07,Rede Externa,BTD,MÓDULO RF DESALINHADO CANAL RETORNO,MCA,13-A
55577,25/9/2014, 14:18,25/9/2014, 17:50,,Rede Externa,GERAL,VERIFICAÇÃO DE REDE,MCA,33
55581,25/9/2014, 15:08,25/9/2014, 16:00,0:51:15,Node,CABO ÓPTICO,CABO ÓPTICO ROMPIDO,MCA,37
55584,25/9/2014, 15:11,25/9/2014, 16:00,0:48:35,Node,CABO ÓPTICO,CABO ÓPTICO ROMPIDO,MCA,37
55582,25/9/2014, 15:09,25/9/2014, 16:00,0:50:14,Node,CABO ÓPTICO,CABO ÓPTICO ROMPIDO,MCA,37-A
55583,25/9/2014, 15:11,25/9/2014, 16:00,0:48:56,Node,CABO ÓPTICO,CABO ÓPTICO ROMPIDO,MCA,37
55601,26/9/2014, 09:37,26/9/2014, 10:40,1:02:36,Node,FONTE EQUISUL,FALTA DE ENERGIA ELÉTRICA,MCA,18
55602,26/9/2014, 09:38,26/9/2014, 10:40,1:01:55,Node,FONTE EQUISUL,FALTA DE ENERGIA ELÉTRICA,MCA,18
55626,26/9/2014, 16:53,26/9/2014, 19:10,2:16:47,Rede Externa,PASSIVOS,OXIDADO,MCA,20
55680,28/9/2014, 09:15,28/9/2014, 10:00,0:44:40,Node,FONTE EQUISUL,FALTA DE ENERGIA ELÉTRICA,MCA,40
55681,28/9/2014, 09:16,28/9/2014, 10:00,0:43:58,Node,FONTE EQUISUL,FALTA DE ENERGIA ELÉTRICA,MCA,40
55703,29/9/2014, 09:22,29/9/2014, 10:35,1:12:22,Node,FONTE EQUISUL,FALTA DE ENERGIA ELÉTRICA,MCA,18
55748,29/9/2014, 18:51,29/9/2014, 20:10,1:18:39,Rede Externa,BTD,MÓDULO RF DESALINHADO CANAL RETORNO,MCA,5
55756,30/9/2014, 08:47,30/9/2014, 09:45,0:57:21,Node,GERAL,RESET/AJUSTE RPR,MCA,42
55798,30/9/2014, 18:16,30/9/2014, 19:00,0:43:09,Node,GERAL,FALTA DE ENERGIA COMERCIAL,MCA,1
55799,30/9/2014, 18:17,30/9/2014, 23:00,4:42:23,Node,GERAL,ACESSO BLOQUEADO PELO CLIENTE,MCA,2
55800,30/9/2014, 18:18,30/9/2014, 21:00,2:41:53,Node,FONTE EQUISUL,FALTA DE ENERGIA ELÉTRICA,MCA,3
55801,30/9/2014, 18:18,30/9/2014, 23:00,4:41:14,Node,GERAL,FALTA DE ENERGIA COMERCIAL,MCA,4
54659,1/9/2014 ,10:40,1/9/2014, 13:10,,Rede Externa,GERAL,IMPROCEDENTE,PCS,12
55414,20/9/2014, 14:00,20/9/2014, 16:20,2:19:18,Node,FONTE EQUISUL,FALTA DE ENERGIA ELÉTRICA,PCS,4
55415,20/9/2014, 14:01,20/9/2014, 16:20,2:18:58,Node,FONTE EQUISUL,FALTA DE ENERGIA ELÉTRICA,PCS,04-A
55416,20/9/2014, 14:01,20/9/2014, 16:20,2:18:34,Node,FONTE EQUISUL,FALTA DE ENERGIA ELÉTRICA,PCS,4
55417,20/9/2014, 14:01,20/9/2014, 16:20,2:18:16,Node,FONTE EQUISUL,FALTA DE ENERGIA ELÉTRICA,PCS,4
54784,3/9/2014 ,10:38,3/9/2014, 13:00,2:21:20,Rede Externa,MB,FONTE DC QUEIMADA,SAO,21
54803,3/9/2014, 14:36,3/9/2014, 22:20,7:43:31,Node,PASSIVOS,GERANDO RUÍDO,SAO,18-A
54818,3/9/2014, 18:13,3/9/2014, 21:20,3:06:56,Node,PASSIVOS,GERANDO RUÍDO,SAO,28
54898,5/9/2014, 17:20,5/9/2014, 20:20,2:59:46,Rede Externa,PASSIVOS,OXIDADO,SAO,9
54939,8/9/2014, 15:36,8/9/2014, 17:20,1:43:42,Rede Externa,MB,FONTE DC QUEIMADA,SAO,1
55032,10/9/2014, 17:45,10/9/2014, 20:45,,Rede Externa,GERAL,VERIFICAÇÃO DE REDE,SAO,16-A
55056,11/9/2014, 11:55,11/9/2014, 13:26,1:30:08,Node,FONTE EQUISUL,FALTA DE ENERGIA ELÉTRICA,SAO,43
55086,12/9/2014, 09:57,12/9/2014,11:40,1:42:58,Node,TAP,GERANDO RUÍDO,SAO,33-A
55102,12/9/2014, 15:12,12/9/2014, 15:40,0:27:37,Node,FONTE EQUISUL,FALTA DE ENERGIA ELÉTRICA,SAO,7
55341,19/9/2014, 08:51,19/9/2014, 10:12,1:20:53,Node,FONTE EQUISUL,FALTA DE ENERGIA ELÉTRICA,SAO,37
55342,19/9/2014, 08:52,19/9/2014, 10:12,1:19:26,Node,FONTE EQUISUL,FALTA DE ENERGIA ELÉTRICA,SAO,37
55508,23/9/2014, 15:21,23/9/2014, 17:20,1:58:59,Node,PASSIVOS,GERANDO RUÍDO,SAO,12
55631,26/9/2014, 17:46,26/9/2014, 20:00,2:13:14,Rede Externa,BLE,MÓDULO RF DESALINHADO CANAL DIRETO,SAO,34
55669,27/9/2014, 10:23,27/9/2014, 22:50,12:26:57,Rede Externa,SG2000,MÓDULO RF QUEIMADO,SAO,12
55675,27/9/2014, 16:16,28/9/2014, 10:45,1:45:00,Rede Externa,PASSIVOS,QUEIMADO,SAO,16-A
55682,28/9/2014, 09:18,28/9/2014, 16:30,7:11:49,Node,FONTE EQUISUL,FALTA DE ENERGIA ELÉTRICA,SAO,17
55683,28/9/2014, 09:18,28/9/2014, 16:30,7:11:10,Node,FONTE EQUISUL,FALTA DE ENERGIA ELÉTRICA,SAO,17-A
55684,28/9/2014, 09:19,28/9/2014, 16:30,7:10:31,Node,FONTE EQUISUL,FALTA DE ENERGIA ELÉTRICA,SAO,17
55685,28/9/2014, 09:19,28/9/2014, 16:30,7:10:04,Node,FONTE EQUISUL,FALTA DE ENERGIA ELÉTRICA,SAO,17
55687,28/9/2014, 09:24,28/9/2014, 17:00,7:35:53,Node,PASSIVOS,GERANDO RUÍDO,SAO,15
55708,29/9/2014, 10:18,29/9/2014, 12:00,1:41:13,Node,FONTE EQUISUL,FALTA DE ENERGIA ELÉTRICA,SAO,8
55717,29/9/2014, 12:42,30/9/2014, 10:00,,Rede Externa,GERAL,VERIFICAÇÃO DE REDE,SAO,4
55776,30/9/2014, 15:40,30/9/2014, 16:55,1:14:59,Node,FONTE EQUISUL,FALTA DE ENERGIA ELÉTRICA,SAO,23
55777,30/9/2014, 15:40,30/9/2014, 16:55,1:14:09,Node,FONTE EQUISUL,FALTA DE ENERGIA ELÉTRICA,SAO,23-A
54678,1/9/2014,14:32,2/9/2014, 14:40,22:40:00,Rede Externa,SG2000,MÓDULO RF QUEIMADO,SLA,5
54680,1/9/2014, 14:49,1/9/2014, 17:10,2:20:26,Node,GERAL,NORMALIZOU SEM INTERVENÇÃO,SLA,5
54691,1/9/2014, 16:28,2/9/2014, 23:00,30:31:26,Rede Externa,SG2000,TAMPA DO MODULO DANIFICADA,SLA,2
54695,1/9/2014, 17:05,1/9/2014, 17:25,0:19:16,Node,GERAL,NORMALIZOU SEM INTERVENÇÃO,SLA,6
54697,1/9/2014, 18:40,2/9/2014, 14:01,19:20:54,Node,SG2000,TAMPA DO MODULO DANIFICADA,SLA,5
54707,2/9/2014, 10:07,2/9/2014, 14:50,4:42:41,Rede Externa,SG2000,MÓDULO RF QUEIMADO,SLA,5
54709,2/9/2014, 10:34,2/9/2014, 15:50,5:15:43,Rede Externa,GERAL,VERIFICAÇÃO DE REDE,SLA,8
54715,2/9/2014, 11:55,2/9/2014, 15:50,,Rede Externa,GERAL,IMPROCEDENTE,SLA,4
54739,2/9/2014, 18:15,3/9/2014, 08:00,13:44:05,Node,SG2000,TAMPA DO MODULO DANIFICADA,SLA,2
54744,2/9/2014, 18:38,3/9/2014, 14:00,19:21:35,Rede Externa,CMTS,MAU CONTATO EM CONECTOR,SLA,7
54780,3/9/2014, 07:51,3/9/2014, 09:50,1:58:11,Node,FONTE EQUISUL,FALTA DE ENERGIA ELÉTRICA,SLA,3
54779,3/9/2014, 07:50,3/9/2014, 09:50,1:59:41,Node,FONTE EQUISUL,FALTA DE ENERGIA ELÉTRICA,SLA,12
54778,3/9/2014, 07:48,3/9/2014, 10:30,2:41:10,Node,FONTE EQUISUL,FALTA DE ENERGIA ELÉTRICA,SLA,8
54777,3/9/2014, 07:48,3/9/2014, 09:50,2:01:48,Node,FONTE EQUISUL,FALTA DE ENERGIA ELÉTRICA,SLA,11
54809,3/9/2014, 15:16,3/9/2014, 17:55,,Rede Externa,GERAL,IMPROCEDENTE,SLA,2
54816,3/9/2014, 17:23,3/9/2014, 19:20,1:56:20,Rede Externa,CMTS,MAU CONTATO EM CONECTOR,SLA,8
54817,3/9/2014, 17:43,3/9/2014, 17:55,0:11:19,Rede Externa,GERAL,NORMALIZOU SEM INTERVENÇÃO,SLA,11
54835,4/9/2014, 09:32,4/9/2014, 12:15,,Rede Externa,GERAL,IMPROCEDENTE,SLA,4
54853,4/9/2014, 13:08,4/9/2014, 14:30,,Rede Externa,GERAL,IMPROCEDENTE,SLA,1
54886,5/9/2014, 11:41,5/9/2014, 20:30,8:48:18,Rede Externa,BTD,MÓDULO RF QUEIMADO,SLA,5
54896,5/9/2014, 16:30,5/9/2014, 19:40,3:09:32,Rede Externa,SG2000,MÓDULO RF DESALINHADO CANAL RETORNO,SLA,4
54897,5/9/2014, 16:36,5/9/2014, 20:00,3:23:51,Rede Externa,SG4000,MÓDULO RF DESALINHADO CANAL RETORNO,SLA,4
54904,5/9/2014, 20:33,5/9/2014, 21:50,1:16:08,Rede Externa,MB,MÓDULO RF DESALINHADO CANAL DIRETO,SLA,12
54927,8/9/2014, 10:13,8/9/2014, 13:00,2:46:25,Node,SSP,GERANDO RUÍDO,SLA,7
54940,8/9/2014, 15:38,8/9/2014, 18:30,2:51:12,Rede Externa,BTD,MÓDULO RF QUEIMADO,SLA,5
54971,9/9/2014, 10:38,9/9/2014, 13:15,2:36:01,Rede Externa,SSP,OXIDADO,SLA,12
54974,9/9/2014, 12:13,9/9/2014, 15:15,,Rede Externa,GERAL,IMPROCEDENTE,SLA,4
54987,9/9/2014, 16:57,9/9/2014, 19:55,2:57:24,Node,FONTE EQUISUL,FALTA DE ENERGIA ELÉTRICA,SLA,6
54988,9/9/2014, 16:58,9/9/2014, 20:20,3:21:52,Node,GERAL,REDE INTERNA,SLA,5
54989,9/9/2014, 16:58,9/9/2014, 19:30,2:31:30,Node,GERAL,REDE INTERNA,SLA,4
54993,9/9/2014, 17:45,9/9/2014, 21:30,3:44:22,Node,GERAL,RUÍDO INTERMITENTE,SLA,9
55026,10/9/2014, 16:44,11/9/2014, 10:55,,Rede Externa,GERAL,IMPROCEDENTE,SLA,2
55057,11/9/2014, 12:09,11/9/2014, 13:08,,Rede Externa,GERAL,CANCELADA,SLA,1
55059,11/9/2014, 13:04,11/9/2014, 14:00,0:55:03,Rede Externa,MB,MÓDULO RF DESALINHADO CANAL RETORNO,SLA,1
55077,11/9/2014, 18:22,11/9/2014, 19:50,1:27:18,Rede Externa,PASSIVOS,PRISIONEIRO MAU CONECTADO,SLA,5
55084,12/9/2014, 09:45,12/9/2014, 10:05,,Rede Externa,GERAL,IMPROCEDENTE,SLA,2
55157,13/9/2014, 15:28,13/9/2014, 15:35,0:06:18,Node,GERAL,FALTA DE ENERGIA COMERCIAL,SLA,1
55198,15/9/2014, 17:35,15/9/2014, 19:00,1:24:15,Rede Externa,MB,MÓDULO RF DESALINHADO CANAL DIRETO,SLA,2
55210,16/9/2014, 09:32,16/9/2014, 12:15,2:42:20,Rede Externa,MB,MÓDULO RF DESALINHADO CANAL RETORNO,SLA,5
55214,16/9/2014, 13:11,16/9/2014, 14:20,,Rede Externa,GERAL,IMPROCEDENTE,SLA,10
55251,17/9/2014, 13:16,17/9/2014, 16:00,2:43:18,Rede Externa,SG2000,MÓDULO RF DESALINHADO CANAL DIRETO,SLA,5
55269,17/9/2014, 17:47,17/9/2014, 19:30,1:42:28,Rede Externa,MB,MÓDULO RF DESALINHADO CANAL DIRETO,SLA,5
55282,18/9/2014, 09:03,18/9/2014, 11:25,2:21:05,Node,FONTE EQUISUL,FALTA DE ENERGIA ELÉTRICA,SLA,4
55284,18/9/2014, 09:39,18/9/2014, 12:20,,Rede Externa,GERAL,IMPROCEDENTE,SLA,2
55307,18/9/2014, 12:52,18/9/2014, 14:00,1:07:29,Rede Externa,MB,MÓDULO RF DESALINHADO CANAL DIRETO/RETORNO,SLA,5
55329,18/9/2014, 18:15,18/9/2014, 19:50,1:34:09,Rede Externa,SG2000,MÓDULO RF DESALINHADO CANAL DIRETO,SLA,14
55346,19/9/2014, 09:54,19/9/2014, 12:30,2:35:23,Rede Externa,CMTS,MAU CONTATO EM CONECTOR,SLA,8
55371,19/9/2014, 15:47,19/9/2014, 19:00,3:12:03,Rede Externa,CMTS,MAU CONTATO EM CONECTOR,SLA,3
55370,19/9/2014, 15:45,19/9/2014, 19:51,4:05:42,Rede Externa,BTD,MÓDULO RF DESALINHADO CANAL DIRETO/RETORNO,SLA,3
55372,19/9/2014, 15:56,19/9/2014, 20:20,4:23:22,Rede Externa,BTD,MÓDULO RF DESALINHADO CANAL DIRETO/RETORNO,SLA,3
55388,19/9/2014, 17:38,19/9/2014, 20:00,2:21:55,Node,CMTS,MAU CONTATO EM CONECTOR,SLA,3
55403,20/9/2014, 10:32,22/9/2014, 18:39,,Rede Externa,GERAL,IMPROCEDENTE,SLA,7
55404,20/9/2014, 10:37,20/9/2014, 14:30,,Rede Externa,GERAL,IMPROCEDENTE,SLA,3
55514,23/9/2014, 16:25,23/9/2014, 17:19,,Rede Externa,GERAL,IMPROCEDENTE,SLA,12
55517,23/9/2014, 17:29,23/9/2014, 19:00,1:30:02,Node,FONTE EQUISUL,FALTA DE ENERGIA ELÉTRICA,SLA,4
55538,24/9/2014, 11:51,24/9/2014, 13:00,,Rede Externa,GERAL,IMPROCEDENTE,SLA,8
55544,24/9/2014, 14:02,24/9/2014, 17:00,2:57:44,Rede Externa,CABO COAXIAL,CABO COAXIAL DANIFICADO/ROMPIDO,SLA,9
55547,24/9/2014, 14:46,24/9/2014, 18:55,4:08:30,Rede Externa,SG4000,MÓDULO RF DESALINHADO CANAL RETORNO,SLA,4
55548,24/9/2014, 14:49,25/9/2014, 16:50,8:00:00,Rede Externa,MB,MÓDULO RF DESALINHADO CANAL DIRETO,SLA,1
55550,24/9/2014, 14:57,24/9/2014, 18:55,3:57:08,Rede Externa,GERAL,NORMALIZOU SEM INTERVENÇÃO,SLA,8
55553,24/9/2014, 15:45,25/9/2014, 19:00,,Rede Externa,GERAL,VERIFICAÇÃO DE REDE,SLA,13
55554,24/9/2014, 16:04,25/9/2014, 17:25,,Rede Externa,GERAL,IMPROCEDENTE,SLA,11
55572,25/9/2014, 09:19,25/9/2014, 11:35,2:15:41,Node,FONTE EQUISUL,FALTA DE ENERGIA ELÉTRICA,SLA,11
55610,26/9/2014, 12:19,26/9/2014, 13:30,,Rede Externa,GERAL,IMPROCEDENTE,SLA,4
55668,27/9/2014, 09:37,27/9/2014, 14:00,,Rede Externa,GERAL,IMPROCEDENTE,SLA,6
54770,3/9/2014 ,07:13,3/9/2014, 13:20,6:06:12,Node,GERAL,CABO ÓPTICO ROMPIDO,SVI,15
54981,9/9/2014 ,15:13,9/9/2014, 18:40,3:26:58,Rede Externa,PASSIVOS,CONEXÃO DANIFICADA,SVI,33-A
55016,10/9/2014, 13:52,10/9/2014, 22:30,8:37:12,Rede Externa,FONTE EQUISUL,MÓDULO INTERMEDIÁRIO (MI) QUEIMADO,SVI,20
55211,16/9/2014, 10:59,16/9/2014, 13:00,2:00:40,Rede Externa,SG2000,FUSIVEL QUEIMADO OU COM MAU CONTATO,SVI,22
55231,16/9/2014, 17:43,16/9/2014, 18:55,1:11:01,Node,GERAL,REDE INTERNA,SVI,7
55245,17/9/2014, 10:23,17/9/2014, 12:10,1:46:25,Rede Externa,CABO COAXIAL,CABO COAXIAL DANIFICADO/ROMPIDO,SVI,22
55302,18/9/2014, 11:09,18/9/2014, 13:30,2:20:23,Rede Externa,GERAL,NORMALIZOU SEM INTERVENÇÃO,SVI,17
55345,19/9/2014 ,09:51,19/9/2014, 10:50,0:58:06,Node,FONTE EQUISUL,FALTA DE ENERGIA ELÉTRICA,SVI,3
55350,19/9/2014 ,11:59,19/9/2014, 13:00,1:00:07,Node,FONTE EQUISUL,FALTA DE ENERGIA ELÉTRICA,SVI,3
55686,28/9/2014 ,09:23,28/9/2014, 13:25,4:01:45,Node,PASSIVOS,GERANDO RUÍDO,SVI,27
55707,29/9/2014, 10:11,29/9/2014, 13:15,3:03:06,Node,FONTE EQUISUL,DISJUNTOR DESARMADO,SVI,24
55733,29/9/2014 ,15:52,29/9/2014, 16:08,0:15:32,Node,FONTE EQUISUL,FALTA DE ENERGIA ELÉTRICA,SVI,30
54889,5/9/2014, 13:32,5/9/2014, 13:47,0:14:36,Node,FONTE EQUISUL,FALTA DE ENERGIA ELÉTRICA,ULR,14
54899,5/9/2014, 17:29,5/9/2014, 18:20,0:50:24,Node,GERAL,RESET/AJUSTE RPR,ULR,14
54948,8/9/2014, 16:14,9/9/2014, 18:00,25:35:00,Node,CABO ÓPTICO,CABO ÓPTICO ROMPIDO,ULR,16
55007,10/9/2014, 11:02,10/9/2014, 14:15,3:12:16,Rede Externa,CABO COAXIAL,CABO COAXIAL DANIFICADO/ROMPIDO,ULR,2
55011,10/9/2014, 12:35,10/9/2014, 14:45,2:09:31,Rede Externa,CABO COAXIAL,CABO COAXIAL DANIFICADO/ROMPIDO,ULR,2
55340,19/9/2014, 08:32,19/9/2014, 09:20,0:47:22,Node,SG2000,MÓDULO RF DESALINHADO CANAL RETORNO,ULR,10
55344,19/9/2014, 09:25,19/9/2014, 10:25,0:59:43,Node,RPR,FALHA GERAL,ULR,14
55382,19/9/2014, 17:05,20/9/2014, 07:00,13:54:16,Node,GERAL,CABO ÓPTICO ROMPIDO,ULR,4
55383,19/9/2014, 17:06,20/9/2014, 07:00,13:53:51,Node,GERAL,CABO ÓPTICO ROMPIDO,ULR,5
55384,19/9/2014, 17:06,20/9/2014, 07:00,13:53:17,Node,GERAL,CABO ÓPTICO ROMPIDO,ULR,6
55385,19/9/2014, 17:07,19/9/2014, 07:00,13:53:00,Node,GERAL,CABO ÓPTICO ROMPIDO,ULR,7
55386,19/9/2014, 17:08,20/9/2014, 07:00,13:51:33,Node,GERAL,CABO ÓPTICO ROMPIDO,ULR,8
55387,19/9/2014, 17:09,20/9/2014, 07:00,13:50:26,Node,GERAL,CABO ÓPTICO ROMPIDO,ULR,10
54653,1/9/2014 ,08:30,1/9/2014, 13:40,5:09:05,Node,FONTE EQUISUL,FALTA DE ENERGIA ELÉTRICA,URA,21
54654,1/9/2014 ,08:31,1/9/2014, 09:10,0:38:47,Node,FONTE EQUISUL,FALTA DE ENERGIA ELÉTRICA,URA,20
54665,1/9/2014, 12:04,1/9/2014, 21:45,9:40:31,Rede Externa,MB,MÓDULO RF QUEIMADO,URA,43
54674,1/9/2014, 13:36,1/9/2014, 19:40,6:03:43,Rede Externa,PASSIVOS,CONEXÃO DANIFICADA,URA,3
54676,1/9/2014, 13:44,1/9/2014, 15:33,1:48:27,Rede Externa,MB,MÓDULO RF DESALINHADO CANAL DIRETO,URA,3
54681,1/9/2014, 14:50,1/9/2014, 21:00,6:09:12,Rede Externa,PASSIVOS,DANIFICADO,URA,6
54687,1/9/2014, 15:45,2/9/2014, 09:30,2:00:00,Rede Externa,CMTS,MAU CONTATO EM CONECTOR,URA,42
54699,1/9/2014, 18:50,1/9/2014, 22:30,3:39:20,Rede Externa,MB,MÓDULO RF DESALINHADO CANAL DIRETO,URA,1
54706,2/9/2014, 10:02,2/9/2014, 11:35,1:32:36,Node,GERAL,RUÍDO INTERMITENTE,URA,42
54708,2/9/2014, 10:28,2/9/2014, 14:18,3:49:19,Rede Externa,MB,MÓDULO RF DESALINHADO CANAL DIRETO/RETORNO,URA,24
54714,2/9/2014, 11:26,2/9/2014, 15:55,4:28:54,Rede Externa,BTD,FUSIVEL QUEIMADO OU COM MAU CONTATO,URA,1
54781,3/9/2014, 08:40,3/9/2014, 11:20,2:39:28,Node,GERAL,FALTA DE ENERGIA COMERCIAL,URA,46
54793,3/9/2014, 12:36,3/9/2014, 15:10,2:33:45,Rede Externa,BTD,MÓDULO RF DESALINHADO CANAL DIRETO,URA,1
54804,3/9/2014, 14:59,3/9/2014, 16:20,1:20:26,Rede Externa,BTD,MÓDULO RF DESALINHADO CANAL DIRETO,URA,11
54819,3/9/2014, 18:27,3/9/2014, 19:35,1:07:07,Rede Externa,PASSIVOS,INSTALADO INCORRETAMENTE,URA,9
54821,3/9/2014, 19:35,3/9/2014, 20:30,0:54:32,Rede Externa,SG2000,MÓDULO RF DESALINHADO CANAL DIRETO,URA,6
54840,4/9/2014, 10:46,4/9/2014, 16:25,5:38:51,Rede Externa,BTD,MÓDULO RF QUEIMADO,URA,39
54841,4/9/2014, 10:50,4/9/2014, 14:05,3:14:49,Rede Externa,BTD,MÓDULO RF QUEIMADO,URA,15
54847,4/9/2014, 11:33,4/9/2014, 14:05,2:31:11,Rede Externa,BTD,MÓDULO RF QUEIMADO,URA,15
54850,4/9/2014, 12:15,4/9/2014, 19:50,7:34:23,Rede Externa,MB,MÓDULO RF QUEIMADO,URA,1
54861,4/9/2014, 15:28,4/9/2014, 16:30,1:01:29,Rede Externa,BTD,MÓDULO RF QUEIMADO,URA,39
54862,4/9/2014, 15:37,4/9/2014, 16:30,0:52:36,Rede Externa,BTD,MÓDULO RF QUEIMADO,URA,39
54867,4/9/2014, 16:23,4/9/2014, 21:00,4:36:27,Rede Externa,MB,MÓDULO RF QUEIMADO,URA,12
54869,4/9/2014, 16:42,4/9/2014, 16:55,0:12:12,Rede Externa,BTD,MÓDULO RF QUEIMADO,URA,39
54878,5/9/2014, 08:36,5/9/2014, 09:20,0:43:11,Node,FONTE EQUISUL,FALTA DE ENERGIA ELÉTRICA,URA,3
54882,5/9/2014, 09:50,5/9/2014, 18:20,8:29:58,Rede Externa,MB,MÓDULO RF QUEIMADO,URA,7
54885,5/9/2014, 11:38,5/9/2014, 20:20,8:41:47,Node,GERAL,REDE INTERNA,URA,3
54891,5/9/2014, 15:43,5/9/2014, 17:40,1:56:12,Rede Externa,BTD,FUSIVEL QUEIMADO OU COM MAU CONTATO,URA,15
54900,5/9/2014, 20:07,5/9/2014, 21:35,,Rede Externa,GERAL,VERIFICAÇÃO DE REDE,URA,12
54903,5/9/2014, 20:15,6/9/2014, 11:30,3:30:00,Rede Externa,MB,MÓDULO RF DESALINHADO CANAL DIRETO,URA,3
54912,6/9/2014, 11:23,6/9/2014, 13:00,1:36:48,Rede Externa,BTD,MÓDULO RF DESALINHADO CANAL DIRETO/RETORNO,URA,8
54915,6/9/2014, 14:06,6/9/2014, 15:30,,Rede Externa,GERAL,IMPROCEDENTE,URA,37
54920,7/9/2014, 08:08,7/9/2014, 12:30,4:21:55,Node,FONTE EQUISUL,FALTA DE ENERGIA ELÉTRICA,URA,20
54932,8/9/2014, 11:22,8/9/2014, 16:30,5:08:00,Rede Externa,PASSIVOS,CONEXÃO DANIFICADA,URA,39
54936,8/9/2014, 13:57,8/9/2014, 19:30,,Rede Externa,GERAL,IMPROCEDENTE,URA,12
54949,8/9/2014, 16:44,8/9/2014, 18:30,1:45:10,Rede Externa,CABO COAXIAL,CABO COAXIAL DANIFICADO/ROMPIDO,URA,8
54986,9/9/2014, 16:44,9/9/2014, 18:40,1:55:58,Rede Externa,BTD,MÓDULO RF DESALINHADO CANAL RETORNO,URA,8
54990,9/9/2014, 17:01,9/9/2014, 19:45,,Rede Externa,GERAL,IMPROCEDENTE,URA,12
55014,10/9/2014, 13:49,10/9/2014, 16:25,2:36:00,Node,FONTE EQUISUL,FALTA DE ENERGIA ELÉTRICA,URA,26
55015,10/9/2014, 13:49,10/9/2014, 14:25,0:35:30,Node,FONTE EQUISUL,FALTA DE ENERGIA ELÉTRICA,URA,27
55031,10/9/2014, 17:39,10/9/2014, 19:00,1:20:15,Rede Externa,MB,MÓDULO RF DESALINHADO CANAL DIRETO,URA,11
55033,10/9/2014, 19:52,10/9/2014, 20:30,0:37:47,Rede Externa,MB,MÓDULO RF DESALINHADO CANAL DIRETO,URA,38
55034,10/9/2014, 19:58,10/9/2014, 22:25,2:26:37,Rede Externa,BTD,CONEXÃO DANIFICADA,URA,3
55051,11/9/2014, 10:43,11/9/2014, 11:45,1:01:09,Node,FONTE EQUISUL,FALTA DE ENERGIA ELÉTRICA,URA,39
55071,11/9/2014, 16:15,11/9/2014, 16:50,,Rede Externa,GERAL,IMPROCEDENTE,URA,6
55100,12/9/2014, 14:46,12/9/2014, 17:30,2:43:09,Node,MB,CARCAÇA DANIFICADA,URA,38
55120,12/9/2014, 16:19,12/9/2014, 19:00,,Rede Externa,GERAL,CANCELADA,URA,35
55153,13/9/2014, 09:39,13/9/2014, 12:55,3:15:09,Rede Externa,BLE,MÓDULO RF DESALINHADO CANAL DIRETO,URA,6
55155,13/9/2014, 12:51,13/9/2014, 16:00,3:08:20,Rede Externa,CABO COAXIAL,CABO COAXIAL DANIFICADO/ROMPIDO,URA,12
55158,13/9/2014, 16:03,13/9/2014, 17:35,1:31:19,Rede Externa,BLE,MÓDULO RF DESALINHADO CANAL DIRETO,URA,2
55163,14/9/2014, 08:28,14/9/2014, 09:10,0:41:07,Node,FONTE EQUISUL,FALTA DE ENERGIA ELÉTRICA,URA,22
55167,14/9/2014, 09:42,14/9/2014, 14:45,5:02:01,Node,FONTE EQUISUL,FALTA DE ENERGIA ELÉTRICA,URA,6
55187,15/9/2014, 14:53,15/9/2014, 16:30,1:36:35,Rede Externa,CABO COAXIAL,CABO COAXIAL NECESSITANDO DE REPARO,URA,3
55202,15/9/2014, 20:11,15/9/2014, 21:30,1:18:07,Rede Externa,MB,MÓDULO RF DESALINHADO CANAL DIRETO,URA,1
55203,15/9/2014, 20:42,15/9/2014, 22:40,1:57:57,Rede Externa,SG2000,MÓDULO RF DESALINHADO CANAL DIRETO,URA,14
55204,15/9/2014, 20:48,15/9/2014, 22:40,1:51:33,Rede Externa,SG2000,MÓDULO RF DESALINHADO CANAL DIRETO,URA,14
55206,15/9/2014, 21:04,15/9/2014, 23:20,,Rede Externa,GERAL,IMPROCEDENTE,URA,4
55209,16/9/2014, 08:24,16/9/2014, 09:50,1:25:23,Node,GERAL,RUÍDO INTERMITENTE,URA,42
55213,16/9/2014, 12:58,16/9/2014, 15:05,2:06:44,Rede Externa,MB,MÓDULO RF QUEIMADO,URA,3
55218,16/9/2014, 13:16,16/9/2014, 15:30,2:13:46,Rede Externa,BLE,MÓDULO RF DESALINHADO CANAL DIRETO,URA,11
55224,16/9/2014, 15:22,16/9/2014, 17:00,1:37:31,Rede Externa,MB,MÓDULO RF QUEIMADO,URA,10
55228,16/9/2014, 16:50,16/9/2014, 19:55,3:04:47,Rede Externa,PASSIVOS,PRISIONEIRO MAU CONECTADO,URA,34
55230,16/9/2014, 17:22,16/9/2014, 20:55,3:32:37,Rede Externa,BTD,MÓDULO RF DESALINHADO CANAL DIRETO,URA,37
55233,16/9/2014, 17:55,16/9/2014, 21:10,3:14:20,Rede Externa,MB,MÓDULO RF DESALINHADO CANAL DIRETO,URA,14
55234,16/9/2014 ,19:11,16/9/2014, 21:40,2:28:45,Rede Externa,MB,MÓDULO RF DESALINHADO CANAL DIRETO,URA,14
55235,16/9/2014 ,19:21,16/9/2014, 20:30,,Rede Externa,GERAL,IMPROCEDENTE,URA,2
55258,17/9/2014 ,15:12,17/9/2014, 18:00,2:47:28,Rede Externa,MB,MÓDULO RF DESALINHADO CANAL DIRETO,URA,14
55280,18/9/2014 ,08:14,18/9/2014, 14:00,5:45:38,Node,FONTE EQUISUL,FALTA DE ENERGIA ELÉTRICA,URA,21
55281,18/9/2014 ,08:15,18/9/2014, 08:55,0:39:47,Node,FONTE EQUISUL,FALTA DE ENERGIA ELÉTRICA,URA,23
55308,18/9/2014 ,12:58,18/9/2014, 16:00,3:01:42,Rede Externa,BLE,MÓDULO RF DESALINHADO CANAL DIRETO,URA,23
55309,18/9/2014 ,13:09,18/9/2014, 17:40,4:30:56,Rede Externa,BTD,MÓDULO RF DESALINHADO CANAL DIRETO,URA,3
55318,18/9/2014 ,16:46,18/9/2014, 19:00,2:13:27,Rede Externa,BTD,MÓDULO RF DESALINHADO CANAL DIRETO,URA,41
55330,18/9/2014 ,18:52,19/9/2014, 09:00,14:07:26,Node,FONTE EQUISUL,FALTA DE ENERGIA ELÉTRICA,URA,21
55339,19/9/2014 ,07:38,19/9/2014, 10:30,2:51:22,Node,PASSIVOS,GERANDO RUÍDO,URA,1
55374,19/9/2014, 16:19,20/9/2014, 18:00,25:40:23,Rede Externa,BTD,MÓDULO RF DESALINHADO CANAL DIRETO/RETORNO,URA,45
55395,19/9/2014, 19:33,19/9/2014, 20:10,,Rede Externa,GERAL,IMPROCEDENTE,URA,7
55418,20/9/2014, 14:10,20/9/2014, 19:10,,Rede Externa,GERAL,IMPROCEDENTE,URA,7
55431,20/9/2014, 21:07,20/9/2014, 23:00,1:52:33,Node,FONTE EQUISUL,FALTA DE ENERGIA ELÉTRICA,URA,46
55438,21/9/2014, 08:27,21/9/2014, 13:10,4:42:56,Node,GERAL,FALTA DE ENERGIA COMERCIAL,URA,19
55441,21/9/2014, 13:25,22/9/2014, 02:30,13:04:13,Node,CABO ÓPTICO,CABO ÓPTICO ROMPIDO,URA,40
55443,21/9/2014, 17:13,22/9/2014, 02:00,8:46:27,Node,CABO ÓPTICO,CABO ÓPTICO ROMPIDO,URA,44
55453,22/9/2014, 08:42,22/9/2014, 09:45,1:02:06,Node,FONTE EQUISUL,FALTA DE ENERGIA ELÉTRICA,URA,9
55455,22/9/2014, 08:43,22/9/2014, 09:50,1:06:21,Node,FONTE EQUISUL,FALTA DE ENERGIA ELÉTRICA,URA,10
55456,22/9/2014, 08:44,22/9/2014, 10:45,2:00:54,Node,FONTE EQUISUL,FALTA DE ENERGIA ELÉTRICA,URA,25
55457,22/9/2014, 08:44,22/9/2014, 14:00,5:15:34,Node,FONTE EQUISUL,FALTA DE ENERGIA ELÉTRICA,URA,26
55458,22/9/2014, 08:44,22/9/2014, 11:50,3:05:15,Node,FONTE EQUISUL,FALTA DE ENERGIA ELÉTRICA,URA,27
55459,22/9/2014, 08:45,22/9/2014, 12:00,3:14:57,Node,FONTE EQUISUL,FALTA DE ENERGIA ELÉTRICA,URA,28
55465,22/9/2014, 13:17,22/9/2014, 17:40,4:22:21,Rede Externa,MB,MÓDULO RF QUEIMADO,URA,45
55471,22/9/2014, 15:50,22/9/2014, 17:30,1:39:34,Rede Externa,MB,FUSIVEL QUEIMADO OU COM MAU CONTATO,URA,45
55472,22/9/2014, 15:55,22/9/2014, 17:30,1:34:15,Rede Externa,MB,FUSIVEL QUEIMADO OU COM MAU CONTATO,URA,45
55474,22/9/2014, 16:09,22/9/2014, 17:30,1:20:12,Rede Externa,MB,FUSIVEL QUEIMADO OU COM MAU CONTATO,URA,45
55499,23/9/2014, 10:54,23/9/2014, 13:10,2:15:24,Rede Externa,MB,MÓDULO RF QUEIMADO,URA,1
55515,23/9/2014, 16:38,23/9/2014, 18:00,,Rede Externa,GERAL,VERIFICAÇÃO DE REDE,URA,9
55516,23/9/2014, 17:01,23/9/2014, 18:00,,Rede Externa,GERAL,VERIFICAÇÃO DE REDE,URA,9
55522,23/9/2014, 20:21,23/9/2014, 21:29,,Rede Externa,GERAL,IMPROCEDENTE,URA,9
55534,24/9/2014, 10:20,24/9/2014, 12:55,2:34:14,Rede Externa,BLE,MÓDULO RF DESALINHADO CANAL DIRETO,URA,19
55535,24/9/2014, 11:24,24/9/2014, 13:00,1:35:38,Rede Externa,BLE,MÓDULO RF DESALINHADO CANAL DIRETO,URA,28
55537,24/9/2014, 11:42,24/9/2014, 13:42,1:59:28,Rede Externa,BTD,MÓDULO RF DESALINHADO CANAL DIRETO/RETORNO,URA,38
55546,24/9/2014, 14:44,24/9/2014, 19:00,4:15:50,Rede Externa,MB,MÓDULO RF DESALINHADO CANAL DIRETO,URA,26
55571,25/9/2014, 09:02,25/9/2014, 19:00,9:57:42,Node,FONTE EQUISUL,FONTE DANIFICADA POR ARROMBAMENTO,URA,29
55574,25/9/2014, 12:42,25/9/2014, 16:30,3:47:19,Rede Externa,MB,MÓDULO RF DESALINHADO CANAL DIRETO,URA,8
55575,25/9/2014, 12:46,25/9/2014,21:00,8:13:30,Rede Externa,MB,MÓDULO RF DESALINHADO CANAL RETORNO,URA,1
55578,25/9/2014, 14:44,25/9/2014,20:00,5:15:49,Rede Externa,SG2000,MÓDULO RF DESALINHADO CANAL RETORNO,URA,21
55607,26/9/2014, 11:32,26/9/2014, 13:00,1:27:16,Rede Externa,BTD,MÓDULO RF DESALINHADO CANAL RETORNO,URA,45
55609,26/9/2014, 11:51,26/9/2014, 15:40,3:48:30,Rede Externa,BLE,MÓDULO RF DESALINHADO CANAL DIRETO,URA,28
55611,26/9/2014, 12:26,26/9/2014, 14:05,1:38:35,Rede Externa,BTD,MÓDULO RF DESALINHADO CANAL DIRETO,URA,45
55618,26/9/2014, 15:23,26/9/2014, 17:20,1:56:21,Rede Externa,MB,MÓDULO RF DESALINHADO CANAL DIRETO/RETORNO,URA,1
55625,26/9/2014, 16:41,27/9/2014, 10:30,,Rede Externa,MB,MÓDULO RF DESALINHADO CANAL DIRETO,URA,7
55678,28/9/2014, 08:34,28/9/2014, 13:00,4:25:33,Node,FONTE EQUISUL,FALTA DE ENERGIA ELÉTRICA,URA,22
55679,28/9/2014 ,08:35,28/9/2014, 09:00,0:25:00,Node,FONTE EQUISUL,FALTA DE ENERGIA ELÉTRICA,URA,27
55720,29/9/2014 ,14:10,29/9/2014, 14:55,0:44:35,Node,FONTE EQUISUL,FALTA DE ENERGIA ELÉTRICA,URA,27
55721,29/9/2014, 14:33,29/9/2014, 17:45,3:11:27,Rede Externa,MB,MÓDULO RF DESALINHADO CANAL DIRETO,URA,1
55755,30/9/2014, 08:32,30/9/2014, 08:41,0:08:55,Node,GERAL,NORMALIZOU SEM INTERVENÇÃO,URA,46
55764,30/9/2014, 11:52,30/9/2014, 14:48,2:55:38,Rede Externa,BTD,MÓDULO RF QUEIMADO,URA,9
55780,30/9/2014, 16:00,30/9/2014, 18:15,2:14:55,Rede Externa,MB,MÓDULO RF QUEIMADO,URA,9
55781,30/9/2014, 16:05,30/9/2014, 17:20,1:14:36,Rede Externa,SG2000,MÓDULO RF OXIDADO,URA,28
55782,30/9/2014, 16:09,30/9/2014, 18:40,,Rede Externa,GERAL,IMPROCEDENTE,URA,41
55812,30/9/2014, 21:03,1/10/2014, 08:14,3:00:00,Rede Externa,GERAL,VERIFICAÇÃO DE REDE,URA,9
